{"cameraMode":{"drawMode":0,"name":"Shaded","section":"Shading Mode"},"sceneLighting":true,"audioPlay":false,"sceneViewState":{"m_AlwaysRefresh":false,"showFog":true,"showSkybox":true,"showFlares":true,"showImageEffects":true,"showParticleSystems":true,"showVisualEffectGraphs":true,"m_FxEnabled":true},"in2DMode":false,"pivot":{"x":0.05530864745378494,"y":-7.528238296508789,"z":-0.7555389404296875},"rotation":{"x":-0.4871349036693573,"y":0.0018315542256459594,"z":-0.0010215698275715113,"w":-0.8733192682266235},"size":16.116161346435548,"orthographic":false}